<?xml version="1.0" encoding="UTF-8"?>
<document type="com.apple.InterfaceBuilder3.CocoaTouch.Storyboard.XIB" version="3.0" toolsVersion="21225" targetRuntime="iOS.CocoaTouch" propertyAccessControl="none" useAutolayout="YES" useTraitCollections="YES" useSafeAreas="YES" colorMatched="YES" initialViewController="BYZ-38-t0r">
    <device id="retina6_0" orientation="portrait" appearance="light"/>
    <dependencies>
        <deployment identifier="iOS"/>
        <plugIn identifier="com.apple.InterfaceBuilder.IBCocoaTouchPlugin" version="21207"/>
        <capability name="Safe area layout guides" minToolsVersion="9.0"/>
        <capability name="System colors in document resources" minToolsVersion="11.0"/>
        <capability name="documents saved in the Xcode 8 format" minToolsVersion="8.0"/>
    </dependencies>
    <scenes>
        <!--View Controller-->
        <scene sceneID="tne-QT-ifu">
            <objects>
                <viewController id="BYZ-38-t0r" customClass="ViewController" customModule="Prueba2" customModuleProvider="target" sceneMemberID="viewController">
                    <view key="view" contentMode="scaleToFill" id="8bC-Xf-vdC">
                        <rect key="frame" x="0.0" y="0.0" width="390" height="844"/>
                        <autoresizingMask key="autoresizingMask" widthSizable="YES" heightSizable="YES"/>
                        <subviews>
                            <label opaque="NO" userInteractionEnabled="NO" contentMode="left" horizontalHuggingPriority="251" verticalHuggingPriority="251" text="Mi primer aplicaciòn" textAlignment="natural" lineBreakMode="tailTruncation" baselineAdjustment="alignBaselines" adjustsFontSizeToFit="NO" translatesAutoresizingMaskIntoConstraints="NO" id="AOb-7E-lmU">
                                <rect key="frame" x="20.666666666666657" y="47" width="348.66666666666674" height="48"/>
                                <constraints>
                                    <constraint firstAttribute="height" constant="48" id="4PC-XQ-0tu"/>
                                </constraints>
                                <fontDescription key="fontDescription" type="italicSystem" pointSize="40"/>
                                <color key="textColor" systemColor="systemGreenColor"/>
                                <nil key="highlightedColor"/>
                            </label>
                            <label opaque="NO" userInteractionEnabled="NO" contentMode="left" horizontalHuggingPriority="251" verticalHuggingPriority="251" text="Mario Jauregui Gomez" textAlignment="natural" lineBreakMode="tailTruncation" baselineAdjustment="alignBaselines" adjustsFontSizeToFit="NO" translatesAutoresizingMaskIntoConstraints="NO" id="zRt-br-Pf1">
                                <rect key="frame" x="15.999999999999986" y="118" width="248.66666666666663" height="30"/>
                                <constraints>
                                    <constraint firstAttribute="height" constant="30" id="PyM-kO-Miu"/>
                                </constraints>
                                <fontDescription key="fontDescription" type="system" weight="medium" pointSize="25"/>
                                <color key="textColor" systemColor="systemMintColor"/>
                                <nil key="highlightedColor"/>
                            </label>
                            <label opaque="NO" userInteractionEnabled="NO" contentMode="left" horizontalHuggingPriority="251" verticalHuggingPriority="251" text="A mi me gusta dibujar, pasar tiempo con mis amigos, escuchar mùsica y ver series." textAlignment="natural" lineBreakMode="wordWrap" numberOfLines="3" baselineAdjustment="alignBaselines" adjustsFontSizeToFit="NO" translatesAutoresizingMaskIntoConstraints="NO" id="xar-Wc-HIc">
                                <rect key="frame" x="16" y="232" width="348" height="105"/>
                                <fontDescription key="fontDescription" type="system" pointSize="23"/>
                                <color key="textColor" red="0.81679138179999999" green="1" blue="0.51722417629999995" alpha="1" colorSpace="custom" customColorSpace="displayP3"/>
                                <nil key="highlightedColor"/>
                            </label>
                            <label opaque="NO" userInteractionEnabled="NO" contentMode="left" horizontalHuggingPriority="251" verticalHuggingPriority="251" text="A00832049" textAlignment="natural" lineBreakMode="tailTruncation" baselineAdjustment="alignBaselines" adjustsFontSizeToFit="NO" translatesAutoresizingMaskIntoConstraints="NO" id="QuB-2a-NYj">
                                <rect key="frame" x="16" y="191" width="138" height="30"/>
                                <constraints>
                                    <constraint firstAttribute="height" constant="30" id="Lva-D3-Vkv"/>
                                </constraints>
                                <fontDescription key="fontDescription" type="system" pointSize="25"/>
                                <color key="textColor" systemColor="systemGreenColor"/>
                                <nil key="highlightedColor"/>
                            </label>
                        </subviews>
                        <viewLayoutGuide key="safeArea" id="6Tk-OE-BBY"/>
                        <color key="backgroundColor" systemColor="systemPinkColor"/>
                        <constraints>
                            <constraint firstItem="6Tk-OE-BBY" firstAttribute="trailing" secondItem="xar-Wc-HIc" secondAttribute="trailing" constant="26" id="9Pl-pH-ELh"/>
                            <constraint firstItem="QuB-2a-NYj" firstAttribute="top" secondItem="zRt-br-Pf1" secondAttribute="bottom" constant="43" id="Ri0-tu-jfp"/>
                            <constraint firstItem="AOb-7E-lmU" firstAttribute="top" secondItem="6Tk-OE-BBY" secondAttribute="top" id="VGa-cQ-Vyr"/>
                            <constraint firstItem="6Tk-OE-BBY" firstAttribute="bottom" secondItem="xar-Wc-HIc" secondAttribute="bottom" constant="473" id="WZm-LN-oBg"/>
                            <constraint firstItem="QuB-2a-NYj" firstAttribute="leading" secondItem="xar-Wc-HIc" secondAttribute="leading" id="Zh2-Mp-xjO"/>
                            <constraint firstItem="zRt-br-Pf1" firstAttribute="leading" secondItem="QuB-2a-NYj" secondAttribute="leading" id="aAK-Mx-LAH"/>
                            <constraint firstItem="AOb-7E-lmU" firstAttribute="centerX" secondItem="8bC-Xf-vdC" secondAttribute="centerX" id="geJ-gD-SNN"/>
                            <constraint firstItem="zRt-br-Pf1" firstAttribute="leading" secondItem="8bC-Xf-vdC" secondAttribute="leadingMargin" id="mlK-IB-3dq"/>
                            <constraint firstItem="zRt-br-Pf1" firstAttribute="top" secondItem="AOb-7E-lmU" secondAttribute="bottom" constant="23" id="qxu-JT-jWa"/>
                            <constraint firstItem="xar-Wc-HIc" firstAttribute="top" secondItem="QuB-2a-NYj" secondAttribute="bottom" constant="11" id="r2G-0J-OTC"/>
                        </constraints>
                    </view>
                </viewController>
                <placeholder placeholderIdentifier="IBFirstResponder" id="dkx-z0-nzr" sceneMemberID="firstResponder"/>
            </objects>
            <point key="canvasLocation" x="135.38461538461539" y="3.5545023696682461"/>
        </scene>
    </scenes>
    <resources>
        <systemColor name="systemGreenColor">
            <color red="0.20392156862745098" green="0.7803921568627451" blue="0.34901960784313724" alpha="1" colorSpace="custom" customColorSpace="sRGB"/>
        </systemColor>
        <systemColor name="systemMintColor">
            <color red="0.0" green="0.7803921568627451" blue="0.74509803921568629" alpha="1" colorSpace="custom" customColorSpace="sRGB"/>
        </systemColor>
        <systemColor name="systemPinkColor">
            <color red="1" green="0.17647058823529413" blue="0.33333333333333331" alpha="1" colorSpace="custom" customColorSpace="sRGB"/>
        </systemColor>
    </resources>
</document>
